[
    {
        "code": "ae",
        "name": "Emiratos Árabes Unidos"
    },
    {
        "code": "ar",
        "name": "Argentina"
    },
    {
        "code": "at",
        "name": "Austria"
    },
    {
        "code": "au",
        "name": "Australia"
    },
    {
        "code": "be",
        "name": "Bélgica"
    },
    {
        "code": "bg",
        "name": "Bulgaria"
    },
    {
        "code": "br",
        "name": "Brasil"
    },
    {
        "code": "ca",
        "name": "Canadá"
    },
    {
        "code": "ch",
        "name": "Suiza"
    },
    {
        "code": "cn",
        "name": "China"
    },
    {
        "code": "co",
        "name": "Colombia"
    },
    {
        "code": "cu",
        "name": "Cuba"
    },
    {
        "code": "cz",
        "name": "República Checa"
    },
    {
        "code": "de",
        "name": "Alemania"
    },
    {
        "code": "eg",
        "name": "Egipto"
    },
    {
        "code": "fr",
        "name": "Francia"
    },
    {
        "code": "gb",
        "name": "Reino Unido"
    },
    {
        "code": "hk",
        "name": "Hong Kong"
    },
    {
        "code": "hu",
        "name": "Hungría"
    },
    {
        "code": "id",
        "name": "Indonesia"
    },
    {
        "code": "ie",
        "name": "Irlanda"
    },
    {
        "code": "il",
        "name": "Israel"
    },
    {
        "code": "in",
        "name": "India"
    },
    {
        "code": "it",
        "name": "Italia"
    },
    {
        "code": "jp",
        "name": "Japón"
    },
    {
        "code": "kr",
        "name": "Corea del Sur"
    },
    {
        "code": "lt",
        "name": "Lituania"
    },
    {
        "code": "lv",
        "name": "Letonia"
    },
    {
        "code": "ma",
        "name": "Marruecos"
    },
    {
        "code": "mx",
        "name": "México"
    },
    {
        "code": "my",
        "name": "Malasia"
    },
    {
        "code": "ng",
        "name": "Nigeria"
    },
    {
        "code": "nl",
        "name": "Holanda"
    },
    {
        "code": "no",
        "name": "Noruega"
    },
    {
        "code": "nz",
        "name": "Nueva Zelanda"
    },
    {
        "code": "ph",
        "name": "Filipinas"
    },
    {
        "code": "pl",
        "name": "Polonia"
    },
    {
        "code": "pt",
        "name": "Portugal"
    },
    {
        "code": "ro",
        "name": "Rumanía"
    },
    {
        "code": "rs",
        "name": "Serbia"
    },
    {
        "code": "ru",
        "name": "Federación Rusa"
    },
    {
        "code": "sa",
        "name": "Arabia Saudita"
    },
    {
        "code": "se",
        "name": "Suecia"
    },
    {
        "code": "sg",
        "name": "Singapur"
    },
    {
        "code": "si",
        "name": "Eslovenia"
    },
    {
        "code": "sk",
        "name": "Eslovaquia"
    },
    {
        "code": "th",
        "name": "Tailandia"
    },
    {
        "code": "tr",
        "name": "Turquía"
    },
    {
        "code": "tw",
        "name": "Taiwán"
    },
    {
        "code": "ua",
        "name": "Ucrania"
    },
    {
        "code": "us",
        "name": "Estados Unidos"
    },
    {
        "code": "ve",
        "name": "Venezuela"
    },
    {
        "code": "za",
        "name": "Sudáfrica"
    }
]